eva_2_3_select-in
Microsoft Windows [VersiÃ³n 10.0.26200.6725]
(c) Microsoft Corporation. Todos los derechos reservados.

C:\Users\danie>mysqlsh
MySQL Shell 8.0.43

Copyright (c) 2016, 2025, Oracle and/or its affiliates.
Oracle is a registered trademark of Oracle Corporation and/or its affiliates.
Other names may be trademarks of their respective owners.

Type '\help' or '\?' for help; '\quit' to exit.
 MySQL  JS > \sql
Switching to SQL mode... Commands end with ;
 MySQL  SQL > \connect --mc root@localhost
Creating a Classic session to 'root@localhost'
Fetching global names for auto-completion... Press ^C to stop.
Your MySQL connection id is 9
Server version: 8.0.43 MySQL Community Server - GPL
No default schema selected; type \use <schema> to set one.
 localhost:3306 ssl  SQL > show databases;
+--------------------+
| Database           |
+--------------------+
| information_schema |
| mysql              |
| performance_schema |
| prueba             |
| sakila             |
| sys                |
| tbd                |
| tbd2               |
| world              |
+--------------------+
9 rows in set (0.0017 sec)
 localhost:3306 ssl  SQL > use tbd2;
Default schema set to `tbd2`.
Fetching global names, object names from `tbd2` for auto-completion... Press ^C to stop.
 localhost:3306 ssl  SQL > show tables;
+-----------------+
| Tables_in_tbd2  |
+-----------------+
| asignatura      |
| clientes        |
| detalle_horario |
| estudiante      |
| horario         |
| producto        |
| venta           |
| venta_detalle   |
+-----------------+
8 rows in set (0.0022 sec)
 localhost:3306 ssl  SQL > desc venta;
+-----------+------+------+-----+---------+----------------+
| Field     | Type | Null | Key | Default | Extra          |
+-----------+------+------+-----+---------+----------------+
| idVenta   | int  | NO   | PRI | NULL    | auto_increment |
| fecha     | date | NO   |     | NULL    |                |
| idCliente | int  | NO   | MUL | NULL    |                |
+-----------+------+------+-----+---------+----------------+
3 rows in set (0.0119 sec)
 localhost:3306 ssl  SQL > show tables;
+-----------------+
| Tables_in_tbd2  |
+-----------------+
| asignatura      |
| clientes        |
| detalle_horario |
| estudiante      |
| horario         |
| producto        |
| venta           |
| venta_detalle   |
+-----------------+
8 rows in set (0.0025 sec)
 localhost:3306 ssl  SQL >  show create table detalle_horario;
+-----------------+-------------------------------------------------------------------------------------------------------------------------------------------------------------------------------------------------------------------------------------------------------------------------------------------------------------------------------------------------------------------------------------------------------------------------------------------------------------------------------------------------------------------------------------------------------------------------------------------------------------------------------------------------------+
| Table           | Create Table                                                                                                                                                                                                                                                                                                                                                                                                                                                                                                                                                                                                                                          |
+-----------------+-------------------------------------------------------------------------------------------------------------------------------------------------------------------------------------------------------------------------------------------------------------------------------------------------------------------------------------------------------------------------------------------------------------------------------------------------------------------------------------------------------------------------------------------------------------------------------------------------------------------------------------------------------+
| detalle_horario | CREATE TABLE `detalle_horario` (
  `id_detalle_horario` int NOT NULL AUTO_INCREMENT,
  `id_horario` int NOT NULL,
  `id_asignatura` int NOT NULL,
  PRIMARY KEY (`id_detalle_horario`),
  KEY `id_horario` (`id_horario`),
  KEY `id_asignatura` (`id_asignatura`),
  CONSTRAINT `detalle_horario_ibfk_1` FOREIGN KEY (`id_horario`) REFERENCES `horario` (`id_horario`) ON DELETE RESTRICT ON UPDATE CASCADE,
  CONSTRAINT `detalle_horario_ibfk_2` FOREIGN KEY (`id_asignatura`) REFERENCES `asignatura` (`id_asignatura`) ON DELETE RESTRICT ON UPDATE CASCADE
) ENGINE=InnoDB AUTO_INCREMENT=8 DEFAULT CHARSET=utf8mb4 COLLATE=utf8mb4_0900_ai_ci |
+-----------------+-------------------------------------------------------------------------------------------------------------------------------------------------------------------------------------------------------------------------------------------------------------------------------------------------------------------------------------------------------------------------------------------------------------------------------------------------------------------------------------------------------------------------------------------------------------------------------------------------------------------------------------------------------+
1 row in set (0.0324 sec)
 localhost:3306 ssl  SQL > show create table horario;
+---------+------------------------------------------------------------------------------------------------------------------------------------------------------------------------------------------------------------------------------------------------------------------------------------------------------------------------------------------------------------------------------------------------------------+
| Table   | Create Table                                                                                                                                                                                                                                                                                                                                                                                               |
+---------+------------------------------------------------------------------------------------------------------------------------------------------------------------------------------------------------------------------------------------------------------------------------------------------------------------------------------------------------------------------------------------------------------------+
| horario | CREATE TABLE `horario` (
  `id_horario` int NOT NULL AUTO_INCREMENT,
  `id_estudiante` int NOT NULL,
  PRIMARY KEY (`id_horario`),
  KEY `id_estudiante` (`id_estudiante`),
  CONSTRAINT `horario_ibfk_1` FOREIGN KEY (`id_estudiante`) REFERENCES `estudiante` (`id_estudiante`) ON DELETE RESTRICT ON UPDATE CASCADE
) ENGINE=InnoDB AUTO_INCREMENT=6 DEFAULT CHARSET=utf8mb4 COLLATE=utf8mb4_0900_ai_ci |
+---------+------------------------------------------------------------------------------------------------------------------------------------------------------------------------------------------------------------------------------------------------------------------------------------------------------------------------------------------------------------------------------------------------------------+
1 row in set (0.0084 sec)
 localhost:3306 ssl  SQL > select * from estudiante;
+---------------+---------------+------------+
| id_estudiante | nombre        | fecha_nac  |
+---------------+---------------+------------+
|             2 | Hang Kang     | 2001-07-04 |
|             3 | Sofia Sanchez | 2003-08-14 |
|             7 | Mateo Perez   | 2000-04-19 |
+---------------+---------------+------------+
3 rows in set (0.0114 sec)
 localhost:3306 ssl  SQL > select * from horario;
+------------+---------------+
| id_horario | id_estudiante |
+------------+---------------+
|          2 |             2 |
|          3 |             3 |
|          5 |             7 |
+------------+---------------+
3 rows in set (0.0046 sec)
 localhost:3306 ssl  SQL > select * from detalle_horario;
+--------------------+------------+---------------+
| id_detalle_horario | id_horario | id_asignatura |
+--------------------+------------+---------------+
|                  1 |          5 |             1 |
|                  2 |          5 |             2 |
|                  3 |          5 |             3 |
|                  4 |          2 |             1 |
|                  5 |          2 |             3 |
|                  6 |          3 |             2 |
|                  7 |          3 |             3 |
+--------------------+------------+---------------+
7 rows in set (0.0067 sec)
 localhost:3306 ssl  SQL > select * from asignatura;
+---------------+-------------------------+----------+
| id_asignatura | nombre                  | creditos |
+---------------+-------------------------+----------+
|             1 | Taller de base de datos |        4 |
|             2 | Estructura de datos     |        5 |
|             3 | Fundamentos de redes    |        4 |
+---------------+-------------------------+----------+
3 rows in set (0.0085 sec)
 localhost:3306 ssl  SQL > show create tablee horario;
ERROR: 1064 (42000): You have an error in your SQL syntax; check the manual that corresponds to your MySQL server version for the right syntax to use near 'tablee horario' at line 1
 localhost:3306 ssl  SQL > show create table horario;
+---------+------------------------------------------------------------------------------------------------------------------------------------------------------------------------------------------------------------------------------------------------------------------------------------------------------------------------------------------------------------------------------------------------------------+
| Table   | Create Table                                                                                                                                                                                                                                                                                                                                                                                               |
+---------+------------------------------------------------------------------------------------------------------------------------------------------------------------------------------------------------------------------------------------------------------------------------------------------------------------------------------------------------------------------------------------------------------------+
| horario | CREATE TABLE `horario` (
  `id_horario` int NOT NULL AUTO_INCREMENT,
  `id_estudiante` int NOT NULL,
  PRIMARY KEY (`id_horario`),
  KEY `id_estudiante` (`id_estudiante`),
  CONSTRAINT `horario_ibfk_1` FOREIGN KEY (`id_estudiante`) REFERENCES `estudiante` (`id_estudiante`) ON DELETE RESTRICT ON UPDATE CASCADE
) ENGINE=InnoDB AUTO_INCREMENT=6 DEFAULT CHARSET=utf8mb4 COLLATE=utf8mb4_0900_ai_ci |
+---------+------------------------------------------------------------------------------------------------------------------------------------------------------------------------------------------------------------------------------------------------------------------------------------------------------------------------------------------------------------------------------------------------------------+
1 row in set (0.0009 sec)
 localhost:3306 ssl  SQL > show create table horario;
+---------+------------------------------------------------------------------------------------------------------------------------------------------------------------------------------------------------------------------------------------------------------------------------------------------------------------------------------------------------------------------------------------------------------------+
| Table   | Create Table                                                                                                                                                                                                                                                                                                                                                                                               |
+---------+------------------------------------------------------------------------------------------------------------------------------------------------------------------------------------------------------------------------------------------------------------------------------------------------------------------------------------------------------------------------------------------------------------+
| horario | CREATE TABLE `horario` (
  `id_horario` int NOT NULL AUTO_INCREMENT,
  `id_estudiante` int NOT NULL,
  PRIMARY KEY (`id_horario`),
  KEY `id_estudiante` (`id_estudiante`),
  CONSTRAINT `horario_ibfk_1` FOREIGN KEY (`id_estudiante`) REFERENCES `estudiante` (`id_estudiante`) ON DELETE RESTRICT ON UPDATE CASCADE
) ENGINE=InnoDB AUTO_INCREMENT=6 DEFAULT CHARSET=utf8mb4 COLLATE=utf8mb4_0900_ai_ci |
+---------+------------------------------------------------------------------------------------------------------------------------------------------------------------------------------------------------------------------------------------------------------------------------------------------------------------------------------------------------------------------------------------------------------------+
1 row in set (0.0017 sec)
 localhost:3306 ssl  SQL > show create table detalle_horario;
+-----------------+-------------------------------------------------------------------------------------------------------------------------------------------------------------------------------------------------------------------------------------------------------------------------------------------------------------------------------------------------------------------------------------------------------------------------------------------------------------------------------------------------------------------------------------------------------------------------------------------------------------------------------------------------------+
| Table           | Create Table                                                                                                                                                                                                                                                                                                                                                                                                                                                                                                                                                                                                                                          |
+-----------------+-------------------------------------------------------------------------------------------------------------------------------------------------------------------------------------------------------------------------------------------------------------------------------------------------------------------------------------------------------------------------------------------------------------------------------------------------------------------------------------------------------------------------------------------------------------------------------------------------------------------------------------------------------+
| detalle_horario | CREATE TABLE `detalle_horario` (
  `id_detalle_horario` int NOT NULL AUTO_INCREMENT,
  `id_horario` int NOT NULL,
  `id_asignatura` int NOT NULL,
  PRIMARY KEY (`id_detalle_horario`),
  KEY `id_horario` (`id_horario`),
  KEY `id_asignatura` (`id_asignatura`),
  CONSTRAINT `detalle_horario_ibfk_1` FOREIGN KEY (`id_horario`) REFERENCES `horario` (`id_horario`) ON DELETE RESTRICT ON UPDATE CASCADE,
  CONSTRAINT `detalle_horario_ibfk_2` FOREIGN KEY (`id_asignatura`) REFERENCES `asignatura` (`id_asignatura`) ON DELETE RESTRICT ON UPDATE CASCADE
) ENGINE=InnoDB AUTO_INCREMENT=8 DEFAULT CHARSET=utf8mb4 COLLATE=utf8mb4_0900_ai_ci |
+-----------------+-------------------------------------------------------------------------------------------------------------------------------------------------------------------------------------------------------------------------------------------------------------------------------------------------------------------------------------------------------------------------------------------------------------------------------------------------------------------------------------------------------------------------------------------------------------------------------------------------------------------------------------------------------+
1 row in set (0.0010 sec)
 localhost:3306 ssl  SQL > alter table detallehorario drop constraint detalle_horario_ibfk_2;
ERROR: 1146 (42S02): Table 'tbd2.detallehorario' doesn't exist
 localhost:3306 ssl  SQL > alter table detalle_horario drop constraint detalle_horario_ibfk_2;
Query OK, 0 rows affected (0.0751 sec)

Records: 0  Duplicates: 0  Warnings: 0
 localhost:3306 ssl  SQL > alter table detalle_horario drop constraint detalle_horario_ibfk_1;
Query OK, 0 rows affected (0.0195 sec)

Records: 0  Duplicates: 0  Warnings: 0
 localhost:3306 ssl  SQL > alter table horario add constraint fk_horario_estudiante foreign key(id_estudiante) references estudiante(id_estudiante) on delete cascade on update cascade;
Query OK, 3 rows affected (0.1204 sec)

Records: 3  Duplicates: 0  Warnings: 0
 localhost:3306 ssl  SQL > show create table detalle_horario;
+-----------------+--------------------------------------------------------------------------------------------------------------------------------------------------------------------------------------------------------------------------------------------------------------------------------------------------------------------------------------------------------+
| Table           | Create Table                                                                                                                                                                                                                                                                                                                                           |
+-----------------+--------------------------------------------------------------------------------------------------------------------------------------------------------------------------------------------------------------------------------------------------------------------------------------------------------------------------------------------------------+
| detalle_horario | CREATE TABLE `detalle_horario` (
  `id_detalle_horario` int NOT NULL AUTO_INCREMENT,
  `id_horario` int NOT NULL,
  `id_asignatura` int NOT NULL,
  PRIMARY KEY (`id_detalle_horario`),
  KEY `id_horario` (`id_horario`),
  KEY `id_asignatura` (`id_asignatura`)
) ENGINE=InnoDB AUTO_INCREMENT=8 DEFAULT CHARSET=utf8mb4 COLLATE=utf8mb4_0900_ai_ci |
+-----------------+--------------------------------------------------------------------------------------------------------------------------------------------------------------------------------------------------------------------------------------------------------------------------------------------------------------------------------------------------------+
1 row in set (0.0013 sec)
 localhost:3306 ssl  SQL > alter table detalle_horario add constraint fk_detalle_horario_horario foreign key(id_horario) references horario(id_horario) on delete cascade on update cascade;
Query OK, 7 rows affected (0.0850 sec)

Records: 7  Duplicates: 0  Warnings: 0
 localhost:3306 ssl  SQL > alter table detalle_horario add constraint fk_detalle_horario_asignatura foreign key(id_asignatura) references asignatura(id_asignatura) on delete cascade on update cascade;
Query OK, 7 rows affected (0.1074 sec)

Records: 7  Duplicates: 0  Warnings: 0
 localhost:3306 ssl  SQL > show create table detalle_horario;
+-----------------+------------------------------------------------------------------------------------------------------------------------------------------------------------------------------------------------------------------------------------------------------------------------------------------------------------------------------------------------------------------------------------------------------------------------------------------------------------------------------------------------------------------------------------------------------------------------------------------------------------------------------------------------------------------------------------------------+
| Table           | Create Table                                                                                                                                                                                                                                                                                                                                                                                                                                                                                                                                                                                                                                                                                   |
+-----------------+------------------------------------------------------------------------------------------------------------------------------------------------------------------------------------------------------------------------------------------------------------------------------------------------------------------------------------------------------------------------------------------------------------------------------------------------------------------------------------------------------------------------------------------------------------------------------------------------------------------------------------------------------------------------------------------------+
| detalle_horario | CREATE TABLE `detalle_horario` (
  `id_detalle_horario` int NOT NULL AUTO_INCREMENT,
  `id_horario` int NOT NULL,
  `id_asignatura` int NOT NULL,
  PRIMARY KEY (`id_detalle_horario`),
  KEY `fk_detalle_horario_horario` (`id_horario`),
  KEY `fk_detalle_horario_asignatura` (`id_asignatura`),
  CONSTRAINT `fk_detalle_horario_asignatura` FOREIGN KEY (`id_asignatura`) REFERENCES `asignatura` (`id_asignatura`) ON DELETE CASCADE ON UPDATE CASCADE,
  CONSTRAINT `fk_detalle_horario_horario` FOREIGN KEY (`id_horario`) REFERENCES `horario` (`id_horario`) ON DELETE CASCADE ON UPDATE CASCADE
) ENGINE=InnoDB AUTO_INCREMENT=8 DEFAULT CHARSET=utf8mb4 COLLATE=utf8mb4_0900_ai_ci |
+-----------------+------------------------------------------------------------------------------------------------------------------------------------------------------------------------------------------------------------------------------------------------------------------------------------------------------------------------------------------------------------------------------------------------------------------------------------------------------------------------------------------------------------------------------------------------------------------------------------------------------------------------------------------------------------------------------------------------+
1 row in set (0.0008 sec)
 localhost:3306 ssl  SQL > select * from detalle_horario;
+--------------------+------------+---------------+
| id_detalle_horario | id_horario | id_asignatura |
+--------------------+------------+---------------+
|                  1 |          5 |             1 |
|                  2 |          5 |             2 |
|                  3 |          5 |             3 |
|                  4 |          2 |             1 |
|                  5 |          2 |             3 |
|                  6 |          3 |             2 |
|                  7 |          3 |             3 |
+--------------------+------------+---------------+
7 rows in set (0.0008 sec)
 localhost:3306 ssl  SQL > select * from horario where id_horario = 5;
+------------+---------------+
| id_horario | id_estudiante |
+------------+---------------+
|          5 |             7 |
+------------+---------------+
1 row in set (0.0016 sec)
 localhost:3306 ssl  SQL > select * from estudiante where id_estudiante = 7;
+---------------+-------------+------------+
| id_estudiante | nombre      | fecha_nac  |
+---------------+-------------+------------+
|             7 | Mateo Perez | 2000-04-19 |
+---------------+-------------+------------+
1 row in set (0.0027 sec)
 localhost:3306 ssl  SQL > select * from asignatura;
+---------------+-------------------------+----------+
| id_asignatura | nombre                  | creditos |
+---------------+-------------------------+----------+
|             1 | Taller de base de datos |        4 |
|             2 | Estructura de datos     |        5 |
|             3 | Fundamentos de redes    |        4 |
+---------------+-------------------------+----------+
3 rows in set (0.0031 sec)

 localhost:3306 ssl  SQL > delete from estudiante
                        -> where idestudiante = 7;
ERROR: 1054 (42S22): Unknown column 'idestudiante' in 'where clause'
 localhost:3306 ssl  SQL > delete from estudiante where id_estudiante = 7;
Query OK, 1 row affected (0.0126 sec)
 localhost:3306 ssl  SQL > select * from estudiante;
+---------------+---------------+------------+
| id_estudiante | nombre        | fecha_nac  |
+---------------+---------------+------------+
|             2 | Hang Kang     | 2001-07-04 |
|             3 | Sofia Sanchez | 2003-08-14 |
+---------------+---------------+------------+
2 rows in set (0.0010 sec)
 localhost:3306 ssl  SQL > select * from horario;
+------------+---------------+
| id_horario | id_estudiante |
+------------+---------------+
|          2 |             2 |
|          3 |             3 |
+------------+---------------+
2 rows in set (0.0009 sec)
 localhost:3306 ssl  SQL > select * from detalle_horario;
+--------------------+------------+---------------+
| id_detalle_horario | id_horario | id_asignatura |
+--------------------+------------+---------------+
|                  4 |          2 |             1 |
|                  5 |          2 |             3 |
|                  6 |          3 |             2 |
|                  7 |          3 |             3 |
+--------------------+------------+---------------+
4 rows in set (0.0007 sec)
 localhost:3306 ssl  SQL > use sakila;
Default schema set to `sakila`.
Fetching global names, object names from `sakila` for auto-completion... Press ^C to stop.
 localhost:3306 ssl  SQL > show databases;
+--------------------+
| Database           |
+--------------------+
| information_schema |
| mysql              |
| performance_schema |
| prueba             |
| sakila             |
| sys                |
| tbd                |
| tbd2               |
| world              |
+--------------------+
9 rows in set (0.0013 sec)
 localhost:3306 ssl  SQL > show tables;
+----------------------------+
| Tables_in_sakila           |
+----------------------------+
| actor                      |
| actor_info                 |
| address                    |
| category                   |
| city                       |
| country                    |
| customer                   |
| customer_list              |
| film                       |
| film_actor                 |
| film_category              |
| film_list                  |
| film_text                  |
| inventory                  |
| language                   |
| nicer_but_slower_film_list |
| payment                    |
| rental                     |
| sales_by_film_category     |
| sales_by_store             |
| staff                      |
| staff_list                 |
| store                      |
+----------------------------+
23 rows in set (0.0024 sec)
 localhost:3306 ssl  SQL > use tbd2;
Default schema set to `tbd2`.
Fetching global names, object names from `tbd2` for auto-completion... Press ^C to stop.
 localhost:3306 ssl  SQL > show tables;
+-----------------+
| Tables_in_tbd2  |
+-----------------+
| asignatura      |
| clientes        |
| detalle_horario |
| estudiante      |
| horario         |
| producto        |
| venta           |
| venta_detalle   |
+-----------------+
8 rows in set (0.0016 sec)
 localhost:3306 ssl  SQL > select * from venta;
+---------+------------+-----------+
| idVenta | fecha      | idCliente |
+---------+------------+-----------+
|       1 | 2025-09-17 |         5 |
|       2 | 2025-09-18 |         3 |
|       3 | 2025-09-19 |         1 |
|       4 | 2025-09-20 |         4 |
|       5 | 2025-09-21 |         2 |
+---------+------------+-----------+
5 rows in set (0.0092 sec)
 localhost:3306 ssl  SQL > select * from cliente;
ERROR: 1146 (42S02): Table 'tbd2.cliente' doesn't exist
 localhost:3306 ssl  SQL > select * from clientes;
+-----------+-----------------+---------+
| idCliente | nombre          | rfc     |
+-----------+-----------------+---------+
|         1 | Juan Perez      | JP13193 |
|         2 | Maria Garcia    | MG45678 |
|         3 | Carlos Lopez    | CL98765 |
|         4 | Ana Martinez    | AM12345 |
|         5 | Pedro Rodriguez | PR67890 |
+-----------+-----------------+---------+
5 rows in set (0.0091 sec)
 localhost:3306 ssl  SQL > insert into clientes(nombre, rfc) value("Jon Nieve","JN36433");
Query OK, 1 row affected (0.0048 sec)
 localhost:3306 ssl  SQL > select * from clientes;
+-----------+-----------------+---------+
| idCliente | nombre          | rfc     |
+-----------+-----------------+---------+
|         1 | Juan Perez      | JP13193 |
|         2 | Maria Garcia    | MG45678 |
|         3 | Carlos Lopez    | CL98765 |
|         4 | Ana Martinez    | AM12345 |
|         5 | Pedro Rodriguez | PR67890 |
|         6 | Jon Nieve       | JN36433 |
+-----------+-----------------+---------+
6 rows in set (0.0009 sec)
 localhost:3306 ssl  SQL > select * from venta_detalle;
+----------------+---------+------------+----------+
| idVentaDetalle | idVenta | idProducto | cantidad |
+----------------+---------+------------+----------+
|              1 |       1 |          1 |        1 |
|              2 |       1 |          2 |        2 |
|              3 |       1 |          3 |        1 |
|              4 |       2 |          4 |        1 |
|              5 |       2 |          5 |        1 |
+----------------+---------+------------+----------+
5 rows in set (0.0073 sec)
 localhost:3306 ssl  SQL > select * from venta;
+---------+------------+-----------+
| idVenta | fecha      | idCliente |
+---------+------------+-----------+
|       1 | 2025-09-17 |         5 |
|       2 | 2025-09-18 |         3 |
|       3 | 2025-09-19 |         1 |
|       4 | 2025-09-20 |         4 |
|       5 | 2025-09-21 |         2 |
+---------+------------+-----------+
5 rows in set (0.0007 sec)
 localhost:3306 ssl  SQL > select * from clientes;
+-----------+-----------------+---------+
| idCliente | nombre          | rfc     |
+-----------+-----------------+---------+
|         1 | Juan Perez      | JP13193 |
|         2 | Maria Garcia    | MG45678 |
|         3 | Carlos Lopez    | CL98765 |
|         4 | Ana Martinez    | AM12345 |
|         5 | Pedro Rodriguez | PR67890 |
|         6 | Jon Nieve       | JN36433 |
+-----------+-----------------+---------+
6 rows in set (0.0010 sec)
 localhost:3306 ssl  SQL > select * from clientes where idCliente in (select idCliente from venta);
+-----------+-----------------+---------+
| idCliente | nombre          | rfc     |
+-----------+-----------------+---------+
|         1 | Juan Perez      | JP13193 |
|         2 | Maria Garcia    | MG45678 |
|         3 | Carlos Lopez    | CL98765 |
|         4 | Ana Martinez    | AM12345 |
|         5 | Pedro Rodriguez | PR67890 |
+-----------+-----------------+---------+
5 rows in set (0.0028 sec)
 localhost:3306 ssl  SQL > select idCliente from venta;
+-----------+
| idCliente |
+-----------+
|         1 |
|         2 |
|         3 |
|         4 |
|         5 |
+-----------+
5 rows in set (0.0008 sec)
 localhost:3306 ssl  SQL > select * from clientes where idCliente in (select distinct idCliente from venta);
+-----------+-----------------+---------+
| idCliente | nombre          | rfc     |
+-----------+-----------------+---------+
|         1 | Juan Perez      | JP13193 |
|         2 | Maria Garcia    | MG45678 |
|         3 | Carlos Lopez    | CL98765 |
|         4 | Ana Martinez    | AM12345 |
|         5 | Pedro Rodriguez | PR67890 |
+-----------+-----------------+---------+
5 rows in set (0.0010 sec)
 localhost:3306 ssl  SQL > select * from clientes where idCliente not in (select distinct idCliente from venta);
+-----------+-----------+---------+
| idCliente | nombre    | rfc     |
+-----------+-----------+---------+
|         6 | Jon Nieve | JN36433 |
+-----------+-----------+---------+
1 row in set (0.0009 sec)
 localhost:3306 ssl  SQL > select * from venta_detalle;
+----------------+---------+------------+----------+
| idVentaDetalle | idVenta | idProducto | cantidad |
+----------------+---------+------------+----------+
|              1 |       1 |          1 |        1 |
|              2 |       1 |          2 |        2 |
|              3 |       1 |          3 |        1 |
|              4 |       2 |          4 |        1 |
|              5 |       2 |          5 |        1 |
+----------------+---------+------------+----------+
5 rows in set (0.0007 sec)
 localhost:3306 ssl  SQL > desc producto;
+------------+---------------+------+-----+---------+----------------+
| Field      | Type          | Null | Key | Default | Extra          |
+------------+---------------+------+-----+---------+----------------+
| idProducto | int           | NO   | PRI | NULL    | auto_increment |
| nombre     | varchar(50)   | NO   |     | NULL    |                |
| precio     | decimal(10,2) | NO   |     | NULL    |                |
+------------+---------------+------+-----+---------+----------------+
3 rows in set (0.0040 sec)
 localhost:3306 ssl  SQL > select  * from producto where idProducto in (select distinct idProducto from venta_detalle);
+------------+-----------+----------+
| idProducto | nombre    | precio   |
+------------+-----------+----------+
|          1 | Laptop    | 15000.00 |
|          2 | Mouse     |   250.50 |
|          3 | Teclado   |   350.75 |
|          4 | Monitor   |   720.00 |
|          5 | Impresora |   899.99 |
+------------+-----------+----------+
5 rows in set (0.0115 sec)
 localhost:3306 ssl  SQL > select  * from producto where idProducto not in (select distinct idProducto from venta_detalle);
Empty set (0.0011 sec)
 localhost:3306 ssl  SQL > select count(*) from producto where idProducto not in (select distinct idProducto from venta_detalle);
+----------+
| count(*) |
+----------+
|        0 |
+----------+
1 row in set (0.0069 sec)
 localhost:3306 ssl  SQL > select count(*) from producto where idProducto in (select distinct idProducto from venta_detalle);
+----------+
| count(*) |
+----------+
|        5 |
+----------+
1 row in set (0.0009 sec)
 localhost:3306 ssl  SQL >